turn,player,productivity,solid_pollution,water_pollution
1,0,89.4339395619725,65025.367019521116,28962.415319391523
1,1,85.82493989488245,23528.493128806727,11400.50502513202
1,2,91.62874727364718,8955.92915877108,5316.512839111722
1,3,87.40325135715771,27221.751865947786,6779.080162322102
1,4,92.87881972220262,5319.192865995523,5466.317292825678
