turn,player,productivity,solid_pollution,water_pollution
1,0,89.59015422736643,92997.856477731,28658.84129801105
1,1,90.0075439182775,31809.029220577293,11304.49142494068
1,2,87.50301811052695,15783.14479829537,5202.2745704239605
1,3,89.51525553880381,31357.639468367815,6789.122957807694
1,4,91.33479934185745,14048.042990490516,5362.952344838717
